MAIN PILLAR STRUCTURE,,,,
Pillar Title,Pillar Type,Pillar Intention,Cluster Title,Cluster Intention
Why Learn Python?,Informational,Educate users on Python’s significance,Career Benefits of Python,Explain career advancement opportunities after learning Python
Why Learn Python?,Informational,Educate users on Python’s significance,Industry Demand for Python,Discuss the high demand for Python developers across industries
Why Learn Python?,Informational,Educate users on Python’s significance,Popular Python Applications,"Explore use cases in web development, AI, and more"
Why Learn Python?,Informational,Educate users on Python’s significance,Job Roles After Learning Python,List popular roles and their responsibilities
Why Learn Python?,Informational,Educate users on Python’s significance,Learning Path for Python,Suggest a step-by-step learning roadmap
Python Basics and Key Concepts,Informational,Introduce Python fundamentals,Introduction to Python Syntax,Explain the basic structure of Python code
Python Basics and Key Concepts,Informational,Introduce Python fundamentals,Variables and Data Types in Python,Define different data types and their usage
Python Basics and Key Concepts,Informational,Introduce Python fundamentals,Control Structures and Loops,Provide explanations with practical examples
Python Basics and Key Concepts,Informational,Introduce Python fundamentals,Functions and Modules,Break down how functions and modules work
Python Basics and Key Concepts,Informational,Introduce Python fundamentals,File Handling and Exception Handling,Demonstrate file operations and error handling
Python Frameworks and Libraries,Informational,Educate about Python’s ecosystem,Django vs Flask for Web Development,Compare the pros and cons of Django and Flask
Python Frameworks and Libraries,Informational,Educate about Python’s ecosystem,Popular Python Libraries for AI,"Introduce libraries like TensorFlow, Pandas, etc."
Python Frameworks and Libraries,Informational,Educate about Python’s ecosystem,API Development with Django/Flask,Guide on building RESTful APIs
Python Frameworks and Libraries,Informational,Educate about Python’s ecosystem,Database Integration with Python,Explain how to connect Python with databases
Python Frameworks and Libraries,Informational,Educate about Python’s ecosystem,GUI Development with Tkinter,Introduce Tkinter for GUI-based applications
Choosing the Best Python Course in Rajkot,Commercial,Help users choose the right course,Factors to Consider,"List key factors like curriculum, faculty, and reviews"
Choosing the Best Python Course in Rajkot,Commercial,Help users choose the right course,Online vs Offline Python Courses,Highlight the pros and cons of both modes
Choosing the Best Python Course in Rajkot,Commercial,Help users choose the right course,Certifications Offered,Explain course certifications and value
Choosing the Best Python Course in Rajkot,Commercial,Help users choose the right course,Course Fees Comparison,Break down fees and value propositions
Choosing the Best Python Course in Rajkot,Commercial,Help users choose the right course,Success Stories and Reviews,Share testimonials and success case studies
Enrolling in a Python Course,Commercial,Guide users through the enrollment process,Registration Process and Payment Options,Explain the step-by-step process to register and pay for the course
Enrolling in a Python Course,Commercial,Guide users through the enrollment process,Placement Assistance Offered,Highlight job placement and internship support
Enrolling in a Python Course,Commercial,Guide users through the enrollment process,Understanding Course Timelines,Discuss course duration and flexibility
Enrolling in a Python Course,Commercial,Guide users through the enrollment process,Prerequisites for Enrolling,List essential knowledge and background required
Enrolling in a Python Course,Commercial,Guide users through the enrollment process,Learning Outcomes and Certifications,Clarify what learners will gain post-completion
,,,,
TOOLS & RESOURCES,,,,
Tool Name,Tool Type,Tool Intention,Implementation,
Python Course Comparison Tool,Calculator,"Compare course fees, duration, and modules",Create an interactive tool to filter and compare course options,
Python Learning Path Template,Template,Provide a structured roadmap to learn Python,Downloadable PDF template with milestones,
Python Skills Assessment Test,Checker,Assess the learner’s Python knowledge level,Online quiz with detailed feedback,
Certification Validator,Checker,Verify course certificates and authenticity,Automated validation against recognized certifications,
,,,,
EDITORIAL CONTENT,,,,
Article Title,Angle,Value,,
Why Python is the Future of IT,Industry Insight,Showcase Python’s relevance in future technologies,,
Balancing Work and Learning Python,Work-Life Balance Perspective,Help learners manage time effectively,,
Key Challenges Faced While Learning Python,Problem-Solving Approach,Offer practical solutions to overcome common hurdles,,
How to Choose the Right Python Course in Rajkot,Buyer’s Guide,Provide decision-making clarity,,
,,,,
PROGRAMMATIC SEO,,,,
Pattern,Variables,User Scenarios,Implementation,
Best Python Course in Rajkot,City Name,Search for Python courses in different cities,Create city-specific landing pages,
Python Course Fees in Rajkot,City Name,Compare course fees by region,Auto-generate comparison tables,
Top Python Trainers in Rajkot,City Name,Find experienced trainers nearby,List trainers with reviews and ratings,
Python Course Duration in Rajkot,City Name,Know course duration across providers,Show course timelines by institute,
Online vs Offline Python Course in Rajkot,City Name,Help compare learning modes,Generate pros and cons for each mode,
Python Certification in Rajkot,City Name,Explore certification options,List certifications with course details,
Best Python Projects for Beginners,Skill Level,Suggest beginner to advanced projects,Auto-suggest project ideas,
Python Placement Assistance in Rajkot,City Name,Highlight job support in specific areas,Showcase job placement success stories,
Free Python Learning Resources in Rajkot,City Name,Provide access to free tutorials and tools,Create a resource page with links,
Python Career Opportunities in Rajkot,City Name,Explore job openings and roles,Auto-list job market insights,
